excel_dataset_id,category,provider,name,description,url,data_type,data_items,public_status,format,access_notes,inferred_temporal_type,inferred_geo_type,usable_status,sheet_name,source_row
海洋研究開発機構,,,海洋研究開発機構,,,,,,,,unknown,unknown,skip,地震関連データリスト,4
防災科学技術研究所,,,防災科学技術研究所,,,,,,,,unknown,unknown,skip,地震関連データリスト,5
気象庁,,,気象庁,,,,,,,,unknown,unknown,skip,地震関連データリスト,6
地震_火山月報_防災編,,,地震・火山月報（防災編）,,,,,,,,unknown,unknown,skip,地震関連データリスト,7
文献_歴史資料に関する情報,,,文献・歴史資料に関する情報,,,,,,,,static_metadata,unknown,skip,地震関連データリスト,8
共著関連データベース,,,共著関連データベース,,,,,,,,unknown,unknown,skip,地震関連データリスト,9
地震の基礎知識とその観測,,,地震の基礎知識とその観測,,,,,,,,static_metadata,unknown,skip,地震関連データリスト,10
名古屋大学,,,名古屋大学,,,,,,,,unknown,unknown,skip,地震関連データリスト,11
地震調査研究推進本部,,,地震調査研究推進本部,,,,,,,,unknown,unknown,skip,地震関連データリスト,12
産業技術総合研究所,,,産業技術総合研究所,,,,,,,,unknown,unknown,skip,地震関連データリスト,13
東北大学,,,東北大学,,,,,,,,unknown,unknown,skip,地震関連データリスト,14
国土地理院,,,国土地理院,,,,,,,,unknown,unknown,skip,地震関連データリスト,15
地震調査研究推進本部,,,地震調査研究推進本部,,,,,,,,unknown,unknown,skip,地震関連データリスト,16
防災科学技術研究所,,,防災科学技術研究所,,,,,,,,unknown,unknown,skip,地震関連データリスト,18
気象庁_最近の地震活動_速報値,震源関連 【最新の地震活動】,気象庁,最近の地震活動（速報値）,気象庁の自動処理震源で、前日から本日（約30分前まで）の、地震活動状況を掲載しています。10分毎に更新されます。,https://www.data.jma.go.jp/svd/eew/data/hypo/,,,,,,event_catalog,point,usable,データ詳細,3
気象庁_震源に関する情報,震源関連 【最新の地震活動】,気象庁,震源に関する情報,最大震度３以上の地震について地震の発生場所（震源）やその規模（マグニチュード）を発表した情報を掲載しています。,https://www.jma.go.jp/bosai/map.html#11/36.191/137.725/&elem=int&contents=earthquake_map,,,,,,event_catalog,point,usable,データ詳細,4
気象庁_震源_震度に関する情報,震源関連 【最新の地震活動】,気象庁,震源・震度に関する情報,地震の発生場所（震源）やその規模（マグニチュード）、震度３以上の地域名と市町村名を掲載しています。また、震度５弱以上と考えられる地域で、震度を入手していない地点がある場合は、その市町村名を掲載しています。,https://www.jma.go.jp/bosai/map.html#11/36.191/137.725/&elem=int&contents=earthquake_map,,,,,,event_catalog,point,usable,データ詳細,5
防災科学技術研究所_高感度地震観測網_Hi_net_最新震源情報,震源関連 【最新の地震活動】,防災科学技術研究所,高感度地震観測網（Hi-net） 最新震源情報,マグニチュード2.5以上の地震を自動で処理した結果を表示しています。,https://www.hinet.bosai.go.jp/?LANG=ja,イベント別波形,yyyy/mm/dd hh:mm:ss,・公開 ・アカウント登録：NIED地震観測網の登録が必要 ・審査所要期間：約3営業日 ・対応言語：日本語、英語ニホンゴ,"・形式：WIN32形式 ・拡張子：.txt（ASCII）, evt(BINARY), ch(ASCII)",高感度地震観測網(Hi-net) 防災科研Hi-netでは，日本各地の地震観測点における揺れの様子をデータ化し， 24時間休みなく収集しています。地震の発生を検知した場合， 集めたデータをコンピューターで自動的に処理し，震源位置や地震規模の推定を行っています。 防災科研Hi-netは感度の高い地震計を使用しており，得られたデータには， 工事現場や車両通行等による地震以外の微弱な振動をノイズとして含みます。 自動処理では，このようなノイズにより，誤った震源情報を求めてしまうことがあります。 この他，採石場でのダイナマイト発破による振動も，通常の地震として自動的に処理されます。 得られた震源情報は，様々な基準により，その精度を自動的に判断しています。 設定した条件を全て満たした震源情報が得られた場合のみ，震源マップ等の更新を行っています。 自動処理による各種情報は，あくまでも速報的なものですので正式には， 気象庁 が公表する情報を御覧下さい。,waveform,station,requires_login,データ詳細,6
海洋研究開発機構_DONET研究成果公開サイト,震源関連 【最新の地震活動】,海洋研究開発機構,DONET研究成果公開サイト,マグニチュード2.5以上の地震を自動で処理した結果を表示しています。,（一部停止中）https://www.jamstec.go.jp/j/about/informations/notification_2021_maintenance.htmlイチブテイシチュウ,連続波形レンゾクハケイ,ー,・公開 ・アカウント登録：NIED地震観測網の登録が必要 ・審査所要期間：約3営業日 ・対応言語：日本語トウロクシンサショヨウキカンヤクエイギョウビタイオウゲンゴニホンゴ,"・形式：WIN32形式 ・拡張子：.txt（ASCII）, cnt(BINARY), ch(ASCII)",地震・津波観測監視システム（DONET） 熊野灘と紀伊水道沖に展開されている観測網をそれぞれDONET1、DONET2と呼んでいます。DONET1は2011年7月から20点で本格運用を開始、DONET2は2016年3月から本格運用を開始しました。 現在、DONET1は2点増強されて、合計51観測点での運用を継続しています。 観測網の構成 各観測点は、小さい振動や大きい振動、地殻変動のようなゆっくりとした変動から地震のような激しい振動まで、あらゆる種類の信号をキャッチできるよう、ジンバル機構により水平に保たれた地動センシングシステム（6成分強震計、ハイゲインとローゲインの3成分広帯域地震計）と圧力センシングシステム（水圧計、ハイドロフォン、微差圧計、温度計）から構成され、多種類のセンサーによる観測が実現されています。強震計と広帯域地震計は200Hzないし100Hz、ハイドロフォンと微差圧計は200Hz、水圧計は10Hz、温度計は1Hzでデータ取得されています。DONETは基幹ケーブルを敷設したのち、海中ロボットで観測機器やコンセントの役割を果たすノードと呼ばれる機器を設置、海底ケーブルに接続して構築します。センサーが劣化、故障すれば交換することができ、 今後の研究が進捗して観測点の増設や位置の変更が必要になれば再設置が可能であるなど、拡張性や置換性に優れているところが特徴です。DONET1の観測データは三重県尾鷲市の古江陸上局に、 DONET2の観測データは徳島県海陽町の海陽町まぜのおか陸上局と高知県室戸市の室戸ジオパーク陸上局に伝送されてデータ処理の上、即時的に当研究所をはじめ、気象庁や海洋研究開発機構、大学等の各研究機関に送られています。,waveform,station,requires_login,データ詳細,7
気象庁_地震_火山月報_防災編,震源関連【過去の地震活動】,気象庁,地震・火山月報（防災編）,毎月の日本の地震活動・火山活動及び世界の主な地震や火山活動をとりまとめて掲載しています。,https://www.data.jma.go.jp/svd/eqev/data/gaikyo/,,,,,,event_catalog,point,usable,データ詳細,8
気象庁_地震月報_カタログ編,震源関連【過去の地震活動】,気象庁,地震月報（カタログ編）,気象庁が観測、処理した震源、検測値、発震機構、震度、津波、ひずみのデータを掲載しています。,https://www.data.jma.go.jp/svd/eqev/data/bulletin/,,,,,,time_series,point,usable,データ詳細,9
地震調査研究推進本部_毎月の地震活動,震源関連【過去の地震活動】,地震調査研究推進本部,毎月の地震活動,毎月および臨時に開催される地震調査委員会で行われた国内の地震活動の評価です。,https://www.jishin.go.jp/evaluation/seismicity_monthly/,,,,,,event_catalog,point,usable,データ詳細,10
気象庁_震源リスト,震源関連【過去の地震活動】,気象庁,震源リスト,２日前までの約３ヶ月間の地震の震源リストや震央分布図を日別に掲載しています。,https://www.data.jma.go.jp/svd/eqev/data/daily_map/,,,,,,event_catalog,point,usable,データ詳細,11
気象庁_震度データベース検索,震度関連【震度の情報】,気象庁,震度データベース検索,1923年から2日前までの期間で、過去に震度１以上を観測した地震を県別・観測点別に検索できます。,https://www.data.jma.go.jp/svd/eqdb/data/shindo/,,,,,,event_catalog,station,usable,データ詳細,12
気象庁_震度速報,震度関連【震度の情報】,気象庁,震度速報,最大震度3以上の地震について、地震発生約1分半後に、震度3以上を観測した地域名（全国を188地域に区分）と地震の揺れの発現時刻を速報した情報を掲載。,https://www.jma.go.jp/bosai/map.html#11/36.191/137.725/&elem=int&contents=earthquake_map,,,,,,event_catalog,polygon,usable,データ詳細,13
気象庁_各地の震度に関する情報,震度関連【震度の情報】,気象庁,各地の震度に関する情報,震度１以上の地震について、震度１以上を観測した地点のほか、地震の発生場所（震源）やその規模（マグニチュード）を発表した情報を掲載しています。,https://www.jma.go.jp/bosai/map.html#11/36.191/137.725/&elem=int&contents=earthquake_map,,,,,,event_catalog,point,usable,データ詳細,14
気象庁_推計震度分布図,震度関連【震度の情報】,気象庁,推計震度分布図,最大震度５弱以上の地震について、観測した各地の震度データをもとに、１km四方ごとに推計した震度（震度４以上）を図情報として発表。,https://www.data.jma.go.jp/svd/eew/data/suikei/kaisetsu.html,,,,,,event_catalog,unknown,usable,データ詳細,15
気象庁_地震_火山月報_防災編,震度関連【震度の情報】,気象庁,地震・火山月報（防災編）,毎月の日本の地震活動・火山活動及び世界の主な地震や火山活動をとりまとめて掲載しています。,https://www.data.jma.go.jp/svd/eqev/data/gaikyo/,,,,,,event_catalog,national,usable,データ詳細,16
気象庁_地震月報_カタログ編,震度関連【震度の情報】,気象庁,地震月報（カタログ編）,気象庁が観測、処理した震源、検測値、発震機構、震度、津波、ひずみのデータを掲載しています。,https://www.data.jma.go.jp/svd/eqev/data/bulletin/,,,,,,time_series,point,usable,データ詳細,17
防災科学技術研究所_J_RISQ地震速報,震度関連【震度の情報】,防災科学技術研究所,J-RISQ地震速報,地震発生直後に推定される情報を用いて、市区町村ごとの揺れの状況や、一定レベル以上の揺れにどれくらいの人が遭遇した可能性があるかを示す震度遭遇人口等を、地図や表を用いて総合的に分かりやすくコンパクトにまとめています。,https://www.j-risq.bosai.go.jp/report/R-20220702110111-0004,,,,,,static_spatial,mesh,static_only,データ詳細,18
産業技術総合研究所_地震動マップ_速報_QuickMap,震度関連【震度の情報】,産業技術総合研究所,地震動マップ（速報） / QuickMap,産業技術総合研究所地質調査総合センターが、防災科学技術研究所の即時公開データを取得し、10ヶ所以上の観測点で揺れた場合について、QuakeMapよりも迅速に地震動マップを計算し公開しています。,https://site.quietplus.kke.co.jp/,,,,,,static_spatial,station,static_only,データ詳細,19
産業技術総合研究所_地震動マップ_確定_QuakeMap,震度関連【震度の情報】,産業技術総合研究所,地震動マップ（確定） / QuakeMap,1996年6月以降の主な地震について、防災科学技術研究所の強震観測網のK-NET、KiK-netで観測された地震記録の内、FTPサイトにて公開しているデータを、産業技術総合研究所地質調査総合センターが利用して計算した地震動マップを公開しています。,https://site.quietplus.kke.co.jp/,,,,,,waveform,unknown,probe_only,データ詳細,20
地震調査研究推進本部_毎月の地震活動,震度関連【震度の情報】,地震調査研究推進本部,毎月の地震活動,毎月および臨時に開催される地震調査委員会で行われた国内の地震活動の評価です。,https://www.jishin.go.jp/evaluation/seismicity_monthly/,,,,,,event_catalog,unknown,usable,データ詳細,21
防災科学技術研究所_強震モニタ,震度関連【強震動の情報】,防災科学技術研究所,強震モニタ,強震観測網（K-NET、KiK-net）の地震計で観測された日本全国の今現在の揺れを、 地図上に可視化することで直感的に理解しやすい形で配信しています。,http://www.kmoni.bosai.go.jp/,,,,,,waveform,mesh,probe_only,データ詳細,22
気象庁_震源_震度に関する情報,震度関連【強震動の情報】,気象庁,震源・震度に関する情報,震度１以上を観測した地震について、地震の発生場所（震源）やその規模（マグニチュード）、各地の震度について発表した情報を掲載しています。,https://www.jma.go.jp/bosai/map.html#11/36.191/137.725/&elem=int&contents=earthquake_map,,,,,,waveform,point,probe_only,データ詳細,23
産業技術総合研究所_地震動マップ_速報_QuickMap,震度関連【強震動の情報】,産業技術総合研究所,地震動マップ（速報） / QuickMap,産業技術総合研究所地質調査総合センターが、防災科学技術研究所の即時公開データを取得し、10ヶ所以上の観測点で揺れた場合について、QuakeMapよりも迅速に地震動マップを計算し公開しています。,https://site.quietplus.kke.co.jp/,,,,,,waveform,station,probe_only,データ詳細,24
産業技術総合研究所_地震動マップ_確定_QuakeMap,震度関連【強震動の情報】,産業技術総合研究所,地震動マップ（確定） / QuakeMap,1996年6月以降の主な地震について、防災科学技術研究所の強震観測網のK-NET、KiK-netで観測された地震記録の内、FTPサイトにて公開しているデータを、産業技術総合研究所地質調査総合センターが利用して計算した地震動マップを公開しています。,https://site.quietplus.kke.co.jp/,,,,,,waveform,unknown,probe_only,データ詳細,25
地震調査研究推進本部_長周期地震動予測地図,震度関連【長周期地震動】,地震調査研究推進本部,長周期地震動予測地図,代表地点における長周期地震動の速度波形データや速度応答スペクトルデータ、地下構造モデルデータ「全国１次地下構造モデル（暫定版）」、各予測地図画像をダウンロードすることができます。,https://www.jishin.go.jp/evaluation/seismic_hazard_map/lpshm/,,,,,,waveform,mesh,requires_manual_download,データ詳細,26
気象庁_長周期地震動に関する観測情報,震度関連【長周期地震動】,気象庁,長周期地震動に関する観測情報,長周期地震動による高層ビル内での被害の発生可能性等についてお知らせする長周期地震動に関する観測情報を掲載。,https://www.data.jma.go.jp/svd/eew/data/ltpgm/event.php?eventId=20240606090333,,,,,,event_catalog,unknown,usable,データ詳細,27
防災科学技術研究所_強震観測網_K_NET_KiK_net,震度関連【長周期地震動】,防災科学技術研究所,強震観測網（K-NET、KiK-net）,強震記録、K-NET観測点での土質調査の結果得られた土質柱状図と検層データ、KiK-net観測点での観測井掘削時の調査で得られた地質柱状図と検層データ等を利用できます。,https://www.kyoshin.bosai.go.jp/kyoshin/,震源シンゲン,yyyy/mm/dd hh:mm:ss,・公開 ・アカウント登録：NIED地震観測網の登録が必要 ・審査所要期間：約3営業日 ・対応言語：日本語、英語ニホンゴ,"・形式：強震WIN32形式 ・拡張子：.ps(画像), .txt（ASCII）, evt(BINARY), ch(ASCII)キョウシン","強震観測網(K-NET) K-NET（Kyoshin Network：全国強震観測網）は国立研究開発法人防災科学技術研究所（防災科研）が運用する、全国を約20km 間隔で均質に覆う1,000箇所以上の強震観測施設からなる強震観測網であり、1996年（平成8年）6月に運用を開始しています。地震被害に直接結びつく地表の強震動を均質な観測条件で記録するために、各観測施設は、一部の例外を除き統一した規格で建設され、自由地盤上（地表）に強震計が設置されています。また、各観測施設では得られた強震記録の特性を詳しく理解するために土質調査を行っています。",waveform,station,requires_login,データ詳細,28
地震一覧ジシンイチラン,,,地震一覧ジシンイチラン,,,イベント別波形,yyyy/mm/dd hh:mm:ss,・公開 ・アカウント登録：NIED地震観測網の登録が必要 ・審査所要期間：約3営業日 ・対応言語：日本語、英語ニホンゴ,"・形式：強震WIN32形式 ・拡張子：.ps(画像), .txt（ASCII）, evt(BINARY), ch(ASCII)キョウシン",強震観測網(KiK-net) KiK-net（Kiban Kyoshin Network：基盤強震観測網）は、全国にわたる総合的な地震防災対策を推進するために、政府の地震調査研究推進本部が推進している「地震に関する基盤的調査観測計画」の一環として、防災科研が、高感度地震観測網（Hi-net）と共に整備した強震観測網です。KiK-net の観測施設は、全国約700 箇所に配置され、各観測施設には観測用の井戸（観測井）が掘削されており地表と地中（井戸底）の双方に強震計が設置され、鉛直アレーを構成しているのが特徴です。,waveform,national,requires_login,データ詳細,29
気象庁_主な地震の発震機構解_速報値,発震機構解、震源過程の情報【長周期地震動】,気象庁,主な地震の発震機構解（速報値）,最近５日間に発生した日本および世界の主な地震について、 地震を起こした断層がどのように動いたかを速報的に解析した資料を掲載しています。,https://www.data.jma.go.jp/svd/eew/data/mech/top.html,,,,,,event_catalog,point,usable,データ詳細,30
気象庁_発震機構解_精査後,発震機構解、震源過程の情報【長周期地震動】,気象庁,発震機構解（精査後）,主な地震について地震を起こした断層がどのように動いたかを精査した資料を掲載しています。,https://www.data.jma.go.jp/svd/eqev/data/mech/index.html,,,,,,event_catalog,point,usable,データ詳細,31
防災科学技術研究所_広帯域地震観測網_F_net_地震のメカニズム情報,発震機構解、震源過程の情報【長周期地震動】,防災科学技術研究所,広帯域地震観測網 F-net 地震のメカニズム情報,気象庁から送られる震度速報の中の速報震源（震源時、震源位置、マグニチュード）を初期情報とし、防災科学技術研究所が整備した約70のrealtime観測点（24時間常時データが転送されている観測点）の波形データを用い、地震のメカニズム（モーメントテンソル）を自動で決定し公開しています。,https://www.fnet.bosai.go.jp/event/joho.php?LANG=ja,連続波形,ー,・公開 ・アカウント登録：NIED地震観測網の登録が必要 ・審査所要期間：約3営業日 ・対応言語：日本語、英語トウロクシンサショヨウキカンヤクエイギョウビタイオウゲンゴニホンゴエイゴ,"・形式：WIN32形式 ・拡張子：.miniseed(BINARY), seed(BINARY), sac(BINARY), ,txt（ASCII）, cnt(BINARY), ch(ASCII)ケイシキ",広帯域地震観測網(F-net) 広帯域地震計と（速度型）強震計からなるF-netは， その名の通り地震によって発生するほとんど全ての地震動を記録することが可能であるため， 得られる観測データは地震の発生メカニズム解明等に広く利用されており， 今後，地震の解明に大きく貢献することが期待されている。 平成６年度にスタートした特別研究「地震素過程と地球内部構造に関する総合的研究」（フリージア計画：Freesia = Fundamental Reserach on Earthquakes and Earth's Interior Anomaly） に基づき日本全国に広帯域地震観測網の整備を開始。平成１３年度から，データ収集方式を Hi-neｔに準拠した方式に変更して，観測網の名称を Hi-net ， KiK-net 等に合わせる形で「F-net (Full Range Seismograph Network of Japan)」に変更した。,waveform,station,requires_login,データ詳細,32
防災科学技術研究所_Hi_net_最近の大きな地震バックナンバー,発震機構解、震源過程の情報【長周期地震動】,防災科学技術研究所,Hi-net 最近の大きな地震バックナンバー,高感度地震観測網（Hi-net）にて観測された過去の大きな地震を一元化震源マップにて公開しています。,https://www.hinet.bosai.go.jp/backnumber/?LANG=ja,イベント別波形,yyyy/mm/dd hh:mm:ss,・公開 ・アカウント登録：NIED地震観測網の登録が必要 ・審査所要期間：約3営業日 ・対応言語：日本語、英語ニホンゴ,"・形式：WIN32形式 ・拡張子：.txt（ASCII）, evt(BINARY), ch(ASCII)",高感度地震観測網(Hi-net) 防災科研Hi-netでは，日本各地の地震観測点における揺れの様子をデータ化し， 24時間休みなく収集しています。地震の発生を検知した場合， 集めたデータをコンピューターで自動的に処理し，震源位置や地震規模の推定を行っています。 防災科研Hi-netは感度の高い地震計を使用しており，得られたデータには， 工事現場や車両通行等による地震以外の微弱な振動をノイズとして含みます。 自動処理では，このようなノイズにより，誤った震源情報を求めてしまうことがあります。 この他，採石場でのダイナマイト発破による振動も，通常の地震として自動的に処理されます。 得られた震源情報は，様々な基準により，その精度を自動的に判断しています。 設定した条件を全て満たした震源情報が得られた場合のみ，震源マップ等の更新を行っています。 自動処理による各種情報は，あくまでも速報的なものですので正式には， 気象庁 が公表する情報を御覧下さい。,waveform,station,requires_login,データ詳細,33
気象庁_国内で発生した顕著な地震の震源過程解析結果,発震機構解、震源過程の情報【震源過程】,気象庁,国内で発生した顕著な地震の震源過程解析結果,モーメントマグニチュードが概ね6.5以上の国内で発生した地震について、 地下の断層の破壊伝播の様子などを解析した資料を掲載しています。,https://www.data.jma.go.jp/svd/eqev/data/sourceprocess/index.html,,,,,,event_catalog,point,usable,データ詳細,34
気象庁_海外で発生した顕著な地震の解析結果,発震機構解、震源過程の情報【震源過程】,気象庁,海外で発生した顕著な地震の解析結果,モーメントマグニチュードが概ね7.0以上の海外で発生した地震について、 地下の断層の破壊伝播の様子などを解析した資料を掲載しています。,https://www.data.jma.go.jp/svd/eqev/data/world/index.html,,,,,,event_catalog,point,usable,データ詳細,35
東京大学_EIC地震学ノート,発震機構解、震源過程の情報【震源過程】,東京大学,EIC地震学ノート,,http://wwweic.eri.u-tokyo.ac.jp/sanchu/Seismo_Note/,,,,,,event_catalog,point,usable,データ詳細,36
名古屋大学_NGY地震学ノート,発震機構解、震源過程の情報【震源過程】,名古屋大学,NGY地震学ノート,,https://www.seis.nagoya-u.ac.jp/sanchu/Seismo_Note/,,,,,,event_catalog,point,usable,データ詳細,37
地震調査研究推進本部_日本の地震活動,歴史地震、被害地震等の情報,地震調査研究推進本部,日本の地震活動,過去の地震、活断層、地殻変動などの地震に関する各分野の知識を関連付けて整理し、都道府県に被害を及ぼす地震という観点から総合的に記述したものです。,https://www.jishin.go.jp/resource/seismicity_japan/,,,,,,static_spatial,polygon,static_only,データ詳細,38
気象庁_過去の地震津波災害,歴史地震、被害地震等の情報,気象庁,過去の地震津波災害,明治以降平成７年（1995年）までに日本で100人以上の死者・行方不明者を出した地震・津波についてその概要を掲載しています。,https://www.data.jma.go.jp/svd/eqev/data/higai/higai-1995.html,,,,,,unknown,national,probe_only,データ詳細,39
気象庁_日本付近で発生した主な被害地震_平成_年以降,歴史地震、被害地震等の情報,気象庁,日本付近で発生した主な被害地震（平成８年以降）,平成８年（1996年）以降に、日本付近で発生した人的被害を伴った地震についてその概要を掲載しています。,https://www.data.jma.go.jp/svd/eqev/data/higai/higai1996-new.html,,,,,,unknown,national,probe_only,データ詳細,40
建築研究所_世界の被害地震の表,歴史地震、被害地震等の情報,建築研究所,世界の被害地震の表,古代から近年までの国内外の被害地震を様々な条件で検索することができます。,https://iisee.kenken.go.jp/utsu/,,,,,,unknown,unknown,probe_only,データ詳細,41
防災科学技術研究所_高感度地震観測網_Hi_net,波形関連【高感度、広帯域地震データ】,防災科学技術研究所,高感度地震観測網（Hi-net）,人が感じない微弱な揺れまで記録するために全国約800カ所の地下100m以深に設置した高感度地震計で構成される観測網です。観測波形データ、震源情報などを公開しています。ヒト,https://www.hinet.bosai.go.jp/?LANG=ja,イベント別波形,yyyy/mm/dd hh:mm:ss,・公開 ・アカウント登録：NIED地震観測網の登録が必要 ・審査所要期間：約3営業日 ・対応言語：日本語、英語ニホンゴ,"・形式：WIN32形式 ・拡張子：.txt（ASCII）, evt(BINARY), ch(ASCII)",高感度地震観測網(Hi-net) 防災科研Hi-netでは，日本各地の地震観測点における揺れの様子をデータ化し， 24時間休みなく収集しています。地震の発生を検知した場合， 集めたデータをコンピューターで自動的に処理し，震源位置や地震規模の推定を行っています。 防災科研Hi-netは感度の高い地震計を使用しており，得られたデータには， 工事現場や車両通行等による地震以外の微弱な振動をノイズとして含みます。 自動処理では，このようなノイズにより，誤った震源情報を求めてしまうことがあります。 この他，採石場でのダイナマイト発破による振動も，通常の地震として自動的に処理されます。 得られた震源情報は，様々な基準により，その精度を自動的に判断しています。 設定した条件を全て満たした震源情報が得られた場合のみ，震源マップ等の更新を行っています。 自動処理による各種情報は，あくまでも速報的なものですので正式には， 気象庁 が公表する情報を御覧下さい。,waveform,station,requires_login,データ詳細,42
防災科学技術研究所_広帯域地震観測網_F_net,波形関連【高感度、広帯域地震データ】,防災科学技術研究所,広帯域地震観測網（F-net）,様々な周期の揺れを正確に記録するために全国約70カ所の横孔の奥に設置した地震計で構成される観測網です。観測波形データ、地震のメカニズム解情報などを公開しています。,https://www.fnet.bosai.go.jp/top.php?LANG=ja,連続波形,ー,・公開 ・アカウント登録：NIED地震観測網の登録が必要 ・審査所要期間：約3営業日 ・対応言語：日本語、英語トウロクシンサショヨウキカンヤクエイギョウビタイオウゲンゴニホンゴエイゴ,"・形式：WIN32形式 ・拡張子：.miniseed(BINARY), seed(BINARY), sac(BINARY), ,txt（ASCII）, cnt(BINARY), ch(ASCII)ケイシキ",広帯域地震観測網(F-net) 広帯域地震計と（速度型）強震計からなるF-netは， その名の通り地震によって発生するほとんど全ての地震動を記録することが可能であるため， 得られる観測データは地震の発生メカニズム解明等に広く利用されており， 今後，地震の解明に大きく貢献することが期待されている。 平成６年度にスタートした特別研究「地震素過程と地球内部構造に関する総合的研究」（フリージア計画：Freesia = Fundamental Reserach on Earthquakes and Earth's Interior Anomaly） に基づき日本全国に広帯域地震観測網の整備を開始。平成１３年度から，データ収集方式を Hi-neｔに準拠した方式に変更して，観測網の名称を Hi-net ， KiK-net 等に合わせる形で「F-net (Full Range Seismograph Network of Japan)」に変更した。,waveform,national,requires_login,データ詳細,43
海洋研究開発機構_海底ケーブルデータセンター,波形関連【高感度、広帯域地震データ】,海洋研究開発機構,海底ケーブルデータセンター,室戸沖や釧路・十勝沖のシステム等の地震計・津波計・ハイドロフォンの観測データを提供しています。,（一部停止中）https://www.jamstec.go.jp/j/about/informations/notification_2021_maintenance.htmlイチブテイシチュウ,,,,,,waveform,unknown,probe_only,データ詳細,44
地震波形データベース,波形関連【高感度、広帯域地震データ】,,地震波形データベース,,http://wwweic.eri.u-tokyo.ac.jp/wavedb.html,,,,,,waveform,unknown,probe_only,データ詳細,45
防災科学技術研究所_連続波形画像,波形関連【高感度、広帯域地震データ】,防災科学技術研究所,連続波形画像,各観測機関の記録した連続波形データを防災科研が蓄積し、画像化したものを公開しています。,https://www.hinet.bosai.go.jp/strace/?LANG=ja,,,,,,waveform,unknown,probe_only,データ詳細,46
海洋研究開発機構_地震研究情報データ提供システム,波形関連【高感度、広帯域地震データ】,海洋研究開発機構,地震研究情報データ提供システム,長期孔内観測システムの地震観測データを任意の時間長で切り出した連続データや、DONETで観測されたイベントデータをダウンロードすることができます。,https://www.jamstec.go.jp/j/database/,,,,,,waveform,unknown,requires_manual_download,データ詳細,47
気象庁_主な地震の強震観測データ,波形関連【強震観測データ】,気象庁,主な地震の強震観測データ,震度６弱以上を観測し被害を伴った地震について、地震波形などの強震観測データを掲載しています。,https://www.data.jma.go.jp/svd/eqev/data/kyoshin/jishin/index.html?sess=6e1b37b3613bd087e7ce042e42f4670b,,,,,,waveform,unknown,probe_only,データ詳細,48
防災科学技術研究所_強震観測網_K_NET_KiK_net,波形関連【強震観測データ】,防災科学技術研究所,強震観測網（K-NET、KiK-net）,全国強震観測網（K-NET）及び基盤強震観測網（KiK-net）で観測された強震記録や速度応答スペクトルを、地震別にダウンロードできます。,http://www.kyoshin.bosai.go.jp/kyoshin/,震源シンゲン,yyyy/mm/dd hh:mm:ss,・公開 ・アカウント登録：NIED地震観測網の登録が必要 ・審査所要期間：約3営業日 ・対応言語：日本語、英語ニホンゴ,"・形式：強震WIN32形式 ・拡張子：.ps(画像), .txt（ASCII）, evt(BINARY), ch(ASCII)キョウシン","強震観測網(K-NET) K-NET（Kyoshin Network：全国強震観測網）は国立研究開発法人防災科学技術研究所（防災科研）が運用する、全国を約20km 間隔で均質に覆う1,000箇所以上の強震観測施設からなる強震観測網であり、1996年（平成8年）6月に運用を開始しています。地震被害に直接結びつく地表の強震動を均質な観測条件で記録するために、各観測施設は、一部の例外を除き統一した規格で建設され、自由地盤上（地表）に強震計が設置されています。また、各観測施設では得られた強震記録の特性を詳しく理解するために土質調査を行っています。",waveform,point,requires_login,データ詳細,49
地震一覧ジシンイチラン,,,地震一覧ジシンイチラン,,,イベント別波形,yyyy/mm/dd hh:mm:ss,・公開 ・アカウント登録：NIED地震観測網の登録が必要 ・審査所要期間：約3営業日 ・対応言語：日本語、英語ニホンゴ,"・形式：強震WIN32形式 ・拡張子：.ps(画像), .txt（ASCII）, evt(BINARY), ch(ASCII)キョウシン",強震観測網(KiK-net) KiK-net（Kiban Kyoshin Network：基盤強震観測網）は、全国にわたる総合的な地震防災対策を推進するために、政府の地震調査研究推進本部が推進している「地震に関する基盤的調査観測計画」の一環として、防災科研が、高感度地震観測網（Hi-net）と共に整備した強震観測網です。KiK-net の観測施設は、全国約700 箇所に配置され、各観測施設には観測用の井戸（観測井）が掘削されており地表と地中（井戸底）の双方に強震計が設置され、鉛直アレーを構成しているのが特徴です。,waveform,national,requires_login,データ詳細,50
国土交通省_港湾地域強震観測,波形関連【強震観測データ】,国土交通省,港湾地域強震観測,港湾地域強震観測による観測記録を検索し、ダウンロードすることができます。,http://www.mlit.go.jp/kowan/kyosin/eq.htm,,,,,,waveform,polygon,requires_manual_download,データ詳細,51
地震調査研究推進本部_地震記象紙画像データ検索,波形関連【強震観測データ】,地震調査研究推進本部,地震記象紙画像データ検索,気象庁が所蔵する過去の地震観測記録（地震記象紙）の中から主だったものを選んでスキャンした画像データを公開しています。,http://www.susu.adep.or.jp/,,,,,,waveform,unknown,probe_only,データ詳細,52
消防研究センター_気象庁1倍強震計記録の数値化データ公開システム,波形関連【強震観測データ】,消防研究センター,気象庁1倍強震計記録の数値化データ公開システム,主に気象庁1倍強震計記録の数値化データを提供しています。,http://nrifd.fdma.go.jp/open_tech/db_kyoshinkei/,,,,,,waveform,unknown,probe_only,データ詳細,53
気象庁_各年の潮汐,津波関連【潮位観測値】,気象庁,各年の潮汐,気象庁が潮汐の観測を行っている検潮所等において実際に観測した、年の潮位（実測潮位）をまとめたものです。,https://www.data.jma.go.jp/kaiyou/db/tide/gaikyo/nenindex.php,,,,,,time_series,unknown,usable,データ詳細,54
国土交通省_ナウファス_全国港湾海洋波浪情報網,津波関連【潮位観測値】,国土交通省,ナウファス（全国港湾海洋波浪情報網）,ナウファスは国土交通省港湾局等が実施する日本沿岸の波浪情報網です。全国の波浪の定常観測結果を掲載しています。,http://www.mlit.go.jp/kowan/nowphas/,,,,,,time_series,national,usable,データ詳細,55
国土交通省_潮位情報リンク,津波関連【潮位観測値】,国土交通省,潮位情報リンク,全国各地における最新の潮位の実況をグラフで表示しています。,http://www.jma.go.jp/jp/choi/bosai/choui_map.html,,,,,,time_series,national,usable,データ詳細,56
国土地理院_潮位データ,津波関連【潮位観測値】,国土地理院,潮位データ,国土地理院が全国に整備した験潮場で観測した潮位について、30秒、毎時、日平均、月平均、年平均、満干潮位の6種類のデータを提供しています。,http://www.gsi.go.jp/kanshi/tide_furnish.html,,,,,,time_series,station,usable,データ詳細,57
国土地理院_海岸昇降検知センター,津波関連【潮位観測値】,国土地理院,海岸昇降検知センター,各機関がそれぞれの目的により設置している験潮場の験潮記録から地殻変動を検知し、地震予知研究をはじめとした地球科学の研究に役立てるため、それらの資料を統一した形で迅速に取りまとめて公表しています。,http://cais.gsi.go.jp/cmdc/centerindex.html,,,,,,time_series,station,usable,データ詳細,58
海上保安庁_リアルタイム験潮データ,津波関連【潮位観測値】,海上保安庁,リアルタイム験潮データ,海上保安庁所管の験潮所及び気象庁所管の験潮所から観測されたデータを5分間隔で表示しています。,https://www1.kaiho.mlit.go.jp/TIDE/gauge/,,,,,,time_series,station,usable,データ詳細,59
国土交通省_津波ハザードマップ,津波関連【津波防災】,国土交通省,津波ハザードマップ,重ねるハザードマップ（浸水想定区域や道路情報、危険箇所などを地図や写真に重ねてシームレスに閲覧できます。）とわがまちハザードマップ（各市町村が作成したハザードマップへリンクします。地域ごとの様々な種類のハザードマップを閲覧できます。）を閲覧できます。,http://disaportal.gsi.go.jp/,,,,,,static_spatial,mesh,static_only,データ詳細,60
海上保安庁_津波防災情報図,津波関連【津波防災】,海上保安庁,津波防災情報図,将来発生が懸念される東海地震、東南海・南海地震、南海トラフの巨大地震などの断層モデル（津波断層モデル）を対象として津波シミュレーションを実施し、海域における津波の挙動を示した津波防災情報と、これをまとめた津波防災情報図を整備しています。,http://www1.kaiho.mlit.go.jp/KAIYO/tsunami/index.html,,,,,,unknown,unknown,probe_only,データ詳細,61
産業技術総合研究所_津波堆積物データベース,津波関連【津波痕跡・堆積物】,産業技術総合研究所,津波堆積物データベース,産業技術総合研究所地質調査総合センターが行った津波堆積物調査の結果（柱状堆積物試料等の情報）を公表しています。,https://gbank.gsj.jp/tsunami_deposit_db/,,,,,,static_spatial,unknown,static_only,データ詳細,62
東北大学_津波痕跡データベース,津波関連【津波痕跡・堆積物】,東北大学,津波痕跡データベース,,https://irides.tohoku.ac.jp/publication/database/tsunami-db.html,,,,,,unknown,unknown,probe_only,データ詳細,63
国土交通省_津波被害_津波石碑情報アーカイブ,津波関連【津波痕跡・堆積物】,国土交通省,津波被害・津波石碑情報アーカイブ,津波の浸水範囲や石碑等の津波史跡、街道の道路位置等の資料を調査、収集し、デジタルデータに整理しています。,http://www.thr.mlit.go.jp/road/sekihijouhou/,,,,,,unknown,point,probe_only,データ詳細,64
東北地方太平洋沖地震津波合同調査グループ,津波関連【津波痕跡・堆積物】,,東北地方太平洋沖地震津波合同調査グループ,,http://www.coastal.jp/ttjt/,,,,,,unknown,unknown,probe_only,データ詳細,65
地震調査研究推進本部_主要活断層帯,活断層関連【活断層評価】,地震調査研究推進本部,主要活断層帯,全国の主要活断層帯の長期評価結果（地震の規模や一定期間内に地震が発生する確率等）を公表しています。,https://www.jishin.go.jp/evaluation/long_term_evaluation/major_active_fault/,,,,,,static_spatial,polygon,static_only,データ詳細,66
地震調査研究推進本部_地域評価,活断層関連【活断層評価】,地震調査研究推進本部,地域評価,陸域及び沿岸海域に分布し、Ｍ６．８以上の地震を引き起こす可能性のある活断層について、対象とする地域ごとに総合的に評価した結果です。,https://www.jishin.go.jp/evaluation/long_term_evaluation/regional_evaluation/,,,,,,static_spatial,polygon,static_only,データ詳細,67
地震調査研究推進本部_震源断層を特定した地震,活断層関連【活断層評価】,地震調査研究推進本部,震源断層を特定した地震,主要断層帯など、地震本部の長期評価結果を基に、想定される地震が発生した場合に周辺地域に生じる強い揺れを予測した評価結果です。,https://www.jishin.go.jp/evaluation/strong_motion/,,,,,,static_spatial,point,static_only,データ詳細,68
防災科学技術研究所_J_SHIS_地震ハザードステーション,活断層関連【活断層評価】,防災科学技術研究所,J-SHIS 地震ハザードステーション,地震本部で長期評価を行っている主要活断層帯の位置を地図上で確認できます。,https://www.j-shis.bosai.go.jp/,,,,,,static_spatial,point,static_only,データ詳細,69
国土地理院_活断層図_都市圏活断層図,活断層関連【活断層調査】,国土地理院,活断層図（都市圏活断層図）,全国の主要な活断層帯を対象に、活断層の位置や地形分類を表示することができます。,http://www.gsi.go.jp/bousaichiri/active_fault.html,,,,,,static_spatial,point,static_only,データ詳細,70
産業技術総合研究所_活断層データベース,活断層関連【活断層調査】,産業技術総合研究所,活断層データベース,産業技術総合研究所地質調査総合センターが取りまとめた、日本全国の活断層（活動セグメント）の分布とそのパラメータ、日本の活断層に関係する文献の書誌データ、文献から採録された調査地点ごとの調査結果データ、地下数十キロメートルまでの地下構造データをご覧いただけます。,https://gbank.gsj.jp/activefault/index_gmap.html,,,,,,static_spatial,polygon,static_only,データ詳細,71
地震調査研究推進本部_重点的調査観測_H17,活断層関連【活断層調査】,地震調査研究推進本部,重点的調査観測（H17-）,将来地震が発生した場合に予想される地震の規模が大きく（マグニチュード８程度を目安とする）、地震の発生確率が高いとされた主要活断層帯に対して重点的な調査観測を行っています。,https://www.jishin.go.jp/database/project_report/,,,,,,static_spatial,polygon,static_only,データ詳細,72
地震調査研究推進本部_活断層の追加_補完調査_H17,活断層関連【活断層調査】,地震調査研究推進本部,活断層の追加・補完調査（H17-）,地震本部が評価する陸域の活断層帯について、研究機関に委託し、これらの追加調査、補完調査を行っています。,https://www.jishin.go.jp/database/project_report/tsuika_hokan/,,,,,,static_spatial,polygon,static_only,データ詳細,73
地震調査研究推進本部_沿岸海域における活断層調査_H21,活断層関連【活断層調査】,地震調査研究推進本部,沿岸海域における活断層調査（H21-）,地震本部が評価する主要活断層帯の海域延長部について、研究機関に委託して、これらの調査を行っています。,https://www.jishin.go.jp/database/project_report/engankaiiki/,,,,,,static_spatial,polygon,static_only,データ詳細,74
地震調査研究推進本部_地域評価のための活断層調査_H25,活断層関連【活断層調査】,地震調査研究推進本部,地域評価のための活断層調査（H25-）,「活断層の地域評価」で新たに評価の対象となった短い活断層のうち、断層の位置・形状や活動履歴等に関する情報が十分ではない活断層を対象として、調査を行っています。,https://www.jishin.go.jp/database/project_report/chiiki_chousa/,,,,,,static_spatial,point,static_only,データ詳細,75
地震調査研究推進本部_交付金による活断層調査_H7_16,活断層関連【活断層調査】,地震調査研究推進本部,交付金による活断層調査（H7-16）,地方公共団体が、地域にある地震本部が評価の対象とした活断層の調査を、文部科学省の交付金により実施した結果です。,https://www.jishin.go.jp/database/project_report/chousakansoku02danso/,,,,,,static_spatial,polygon,static_only,データ詳細,76
海上保安庁_海域活断層域を含む沿岸調査及びその成果,活断層関連【活断層調査】,海上保安庁,海域活断層域を含む沿岸調査及びその成果,海上保安庁では、東京湾、大阪湾、伊勢湾の三大湾を皮切りに我が国沿岸域の活断層調査（地形、地質構造等）を実施し、その成果を公開しています。,http://www1.kaiho.mlit.go.jp/KAIYO/FAULTS/main.html,,,,,,static_spatial,polygon,static_only,データ詳細,77
地震調査研究推進本部_海域における断層情報総合評価プロジェクト_H25,活断層関連【海域断層】,地震調査研究推進本部,海域における断層情報総合評価プロジェクト （H25-）,これまでデータが十分でなかった海域活断層に関する情報を、所有する複数の機関から収集することによって、地震本部の評価に使用する海域断層データベースを作成しています。,https://www.jishin.go.jp/database/project_report/kaiiki/,,,,,,static_spatial,polygon,static_only,データ詳細,78
地震調査研究推進本部_地震本部での評価に用いた地下構造モデル,地下構造関連,地震調査研究推進本部,地震本部での評価に用いた地下構造モデル,震源断層を特定した地震動予測地図や長周期地震動予測地図の評価を行うために作成された地下構造モデルをまとめています。それぞれのモデルの説明ページよりモデルデータをダウンロードできます。,https://www.jishin.go.jp/evaluation/seismic_hazard_map/underground_model/,,,,,,static_spatial,point,static_only,データ詳細,79
防災科学技術研究所_J_SHIS_地震ハザードステーション,地下構造関連,防災科学技術研究所,J-SHIS 地震ハザードステーション,地図データ、計算に係るパラメータ、断層座標データ、波形データ、表層地盤、深部地盤等のデータをダウンロードできます。,https://www.j-shis.bosai.go.jp/,,,,,,waveform,mesh,requires_manual_download,データ詳細,80
防災科学技術研究所_地形_地盤分類250mメッシュマップ_2020年更新版,地下構造関連,防災科学技術研究所,地形・地盤分類250mメッシュマップ (2020年更新版),全国を一律に250mメッシュ単位で整備された地形分類に基づく表層地盤増幅率データベースを公開しています。,https://www.j-shis.bosai.go.jp/labs/wm2020/,,,,,,static_spatial,mesh,static_only,データ詳細,81
防災科学技術研究所_日本列島下の三次元地震波速度構造,地下構造関連,防災科学技術研究所,日本列島下の三次元地震波速度構造,日本列島全域における3次元地震波速度構造の標準的モデルを公開いたします。,http://www.hinet.bosai.go.jp/topics/sokudo_kozo/,,,,,,static_spatial,national,static_only,データ詳細,82
産業技術総合研究所_地下構造可視化システム,地下構造関連,産業技術総合研究所,地下構造可視化システム,産業技術総合研究所地質調査総合センターが開発した、日本の活断層の地下構造として3次元的な物性値 (現時点では弾性波速度のみ) の分布を見るためのシステムです。地殻や上部マントルを概観するような規模の物性値構造と様々な地質情報とを併せて表示できます。,https://gbank.gsj.jp/subsurface/,,,,,,static_spatial,polygon,static_only,データ詳細,83
産業技術総合研究所_海域地質構造データベース,地下構造関連,産業技術総合研究所,海域地質構造データベース,産業技術総合研究所地質調査総合センターが開発した、日本の活断層の地下構造として3次元的な物性値 (現時点では弾性波速度のみ) の分布を見るためのシステムです。地殻や上部マントルを概観するような規模の物性値構造と様々な地質情報とを併せて表示できます。,https://gbank.gsj.jp/marineseisdb/,,,,,,static_spatial,polygon,static_only,データ詳細,84
海上保安庁_プレート境界域の精密海底地形図,地下構造関連,海上保安庁,プレート境界域の精密海底地形図,日本周辺のプレート境界付近の海底地形を立体的に図示しています。,http://www1.kaiho.mlit.go.jp/jishin/sokuryo/sokuryo.html,,,,,,static_spatial,national,static_only,データ詳細,85
海洋研究開発機構_地殻構造探査データベースサイト,地下構造関連,海洋研究開発機構,地殻構造探査データベースサイト,マルチチャンネル反射法地震探査（MCS）データ、海底地震計（OBS）を用いた地震探査データ・自然地震観測データを公開しています。,https://www.jamstec.go.jp/jamstec-j/IFREE_center/,,,,,,static_spatial,unknown,static_only,データ詳細,86
海洋研究開発機構_JAMSTEC航海_潜航データ_サンプル探索システム,地下構造関連,海洋研究開発機構,JAMSTEC航海・潜航データ・サンプル探索システム,航海・潜航データ・サンプル探索システム（略称DARWIN）では海洋研究開発機構（JAMSTEC）の船舶・潜水船で得られたデータ、岩石サンプル、堆積物コアサンプルの情報を公開するとともに、関連するデータベースにリンクしています。,http://www.godac.jamstec.go.jp/coedo/j,,,,,,static_spatial,unknown,static_only,データ詳細,87
地震調査研究推進本部_交付金による地下構造調査_H7_16,地下構造関連,地震調査研究推進本部,交付金による地下構造調査（H7-16）,地震関係基礎調査交付金により、地方公共団体において行われた主要な堆積平野の地下構造調査結果をまとめて掲載しています。,https://www.jishin.go.jp/database/project_report/chousakansoku02kozo/,,,,,,static_spatial,unknown,static_only,データ詳細,88
地震調査研究推進本部_海域地下構造統合データベース,地下構造関連,地震調査研究推進本部,海域地下構造統合データベース,太平洋側の海域地下構造情報や研究成果等を検索できるシステムです,http://www.kozo.jishin.go.jp/,,,,,,static_spatial,unknown,static_only,データ詳細,89
内閣府_南海トラフの巨大地震モデル検討会において検討された震度分布_浸水域等に係るデータ提供について,地下構造関連,内閣府,南海トラフの巨大地震モデル検討会において検討された震度分布・浸水域等に係るデータ提供について,南海トラフの巨大地震モデル検討会において検討された強震断層モデルに係るデータ（地盤構造モデル等）を提供しています（申込制）。,http://www.bousai.go.jp/jishin/nankai/model/data_teikyou.html,,,,,,waveform,mesh,probe_only,データ詳細,90
内閣府_首都直下地震モデル検討会において検討された震度分布_浸水域等に係るデータ提供について,地下構造関連,内閣府,首都直下地震モデル検討会において検討された震度分布・浸水域等に係るデータ提供について,首都直下地震モデル検討会において検討された強震断層モデルに係るデータ（地盤構造モデル等）を提供しています（申込制）。,http://www.bousai.go.jp/kaigirep/chuobou/senmon/shutochokkajishinmodel/data_teikyou.html,,,,,,waveform,mesh,probe_only,データ詳細,91
内閣府_中央防災会議専門調査会において検討された震度分布_浸水域等に係るデータ提供について,地下構造関連,内閣府,中央防災会議専門調査会において検討された震度分布・浸水域等に係るデータ提供について,中央防災会議専門調査会において過去に検討された強震断層モデルに係るデータ（地盤構造モデル等）を提供しています（申込制）,http://www.bousai.go.jp/kaigirep/chuobou/senmon/tounankai_nankaijishin/datakoukai/index.html,,,,,,waveform,mesh,probe_only,データ詳細,92
土木研究所_国土地盤情報検索サイト,地下構造関連,土木研究所,国土地盤情報検索サイト,,https://www.kunijiban.pwri.go.jp/jp/,,,,,,static_spatial,mesh,static_only,データ詳細,93
防災科学技術研究所_統合化地下構造データベース_ジオ_ステーション,地下構造関連,防災科学技術研究所,統合化地下構造データベース ジオ・ステーション,ボーリングデータ、模式柱状図モデルなどを地図上に表示できます。ボーリングデータはダウンロードすることも可能です。,http://www.geo-stn.bosai.go.jp/jps/index.html,,,,,,static_spatial,mesh,static_only,データ詳細,94
産業技術総合研究所_地質情報データべース,地質関連,産業技術総合研究所,地質情報データべース,産業技術総合研究所地質調査総合センターの研究成果を発信するデータベースのリンク集です。地球科学に関する様々な情報をご利用いただけます。,https://www.gsj.jp/researches/geodb/,,,,,,static_spatial,unknown,static_only,データ詳細,95
産業技術総合研究所_20万分の_日本シームレス地質図データベース,地質関連,産業技術総合研究所,20万分の１日本シームレス地質図データベース,産業技術総合研究所地質調査総合センターがこれまで出版してきた20万分の1地質図幅の図郭における境界線の不連続を、日本全国統一の凡例を用いることによって解消した新しい地質図です。,https://gbank.gsj.jp/seamless/,,,,,,static_spatial,national,static_only,データ詳細,96
産業技術総合研究所_地質図navi,地質関連,産業技術総合研究所,地質図navi,産業技術総合研究所地質調査総合センターから配信される数多くの地質図データを表示するとともに、活断層や第四紀火山などの地質情報を地質図と合わせて表示することが可能な地質情報閲覧システムです。,https://gbank.gsj.jp/geonavi/,,,,,,static_spatial,polygon,static_only,データ詳細,97
産業技術総合研究所_地質図カタログ,地質関連,産業技術総合研究所,地質図カタログ,産業技術総合研究所地質調査総合センター発行の地質図類を網羅したカタログです。データのダウンロード、購入方法などをご案内しています。,https://www.gsj.jp/Map/,,,,,,static_spatial,unknown,static_only,データ詳細,98
産業技術総合研究所_高分解能音波探査断面データベース,地質関連,産業技術総合研究所,高分解能音波探査断面データベース,産業技術総合研究所地質調査総合センターによる音波探査で得られた海底表層付近の地質断面を公開しています。,https://gbank.gsj.jp/sbp_db/pages/cover.html,,,,,,static_spatial,unknown,static_only,データ詳細,99
産業技術総合研究所_関東平野の地下地質_地盤データベース,地質関連,産業技術総合研究所,関東平野の地下地質・地盤データベース,本データベースは、関東平野の地下に分布する第四紀の地層を対象として、層序、堆積物の物性、地質構造、埋没地形に関し、産業技術総合研究所地質調査総合センターの研究・調査で得られたデータ、ボーリング柱状図、および各種地質モデルから構成されています。,https://gbank.gsj.jp/kantosubsurfacegeoDB/CNV/,,,,,,static_spatial,mesh,static_only,データ詳細,100
産業技術総合研究所_地殻応力場データベース,地質関連,産業技術総合研究所,地殻応力場データベース,産業技術総合研究所地質調査総合センターが、主に地震の研究を目的として測定・観測したデータを中心に、日本国内の地殻応力に関する公開情報を収集したデータベースです。,https://gbank.gsj.jp/crstress/index.html,,,,,,static_spatial,national,static_only,データ詳細,101
産業技術総合研究所_統合版地質文献データベース,地質関連,産業技術総合研究所,統合版地質文献データベース,産業技術総合研究所地質調査総合センターが旧地質調査所時代から収集・所蔵している資料・地質図類から、日本地域及び日本人著者の文献、世界の地質図類の書誌情報を登録したデータベースです。,https://gbank.gsj.jp/geolis/,,,,,,static_spatial,polygon,requires_login,データ詳細,102
産業技術総合研究所_地質図類データダウンロード,地質関連,産業技術総合研究所,地質図類データダウンロード,産業技術総合研究所地質調査総合センター発行の地質図の各種データ (図面ラスター・ベクトル、説明書pdf) をダウンロードすることができます。,https://gbank.gsj.jp/datastore/,,,,,,static_spatial,unknown,static_only,データ詳細,103
産業技術総合研究所_地層名検索データベース,地質関連,産業技術総合研究所,地層名検索データベース,既存の資料（地質学関連の文献，辞書など）に記述されている地層名とその定義、内容などをデータベース化し、産業技術総合研究所地質調査総合センター（旧地質調査所、一部は北海道開発庁、北海道立地質研究所）発行の5万分の1地質図幅に用いられている地層名の検索ができるようになっています。,https://gbank.gsj.jp/strata/,,,,,,static_spatial,unknown,static_only,データ詳細,104
産業技術総合研究所_地質情報配信サービス,地質関連,産業技術総合研究所,地質情報配信サービス,産業技術総合研究所地質調査総合センターの研究成果情報を国際標準形式のウェブ・マップサービス (WMS) およびウェブ・マップ・タイル・サービス (WMTS) で配信しています。,https://gbank.gsj.jp/owscontents/,,,,,,static_spatial,unknown,static_only,データ詳細,105
国土地理院_電子基準点データ提供サービス,測地・地殻変動関連【ＧＰＳ、ＧＮＳＳ】,国土地理院,電子基準点データ提供サービス,国土地理院のGEONET(GNSS連続観測システム)で得られた電子基準点観測データや解析結果等を提供しています。,http://terras.gsi.go.jp/,,,,,,time_series,station,usable,データ詳細,106
国土地理院_基準点成果等閲覧サービス,測地・地殻変動関連【ＧＰＳ、ＧＮＳＳ】,国土地理院,基準点成果等閲覧サービス,国土地理院が設置した各種基準点の成果等及び測量法第42条に定められた、公共基準点成果等の写しについて閲覧することができます。,https://service.gsi.go.jp/kijunten/,,,,,,unknown,unknown,probe_only,データ詳細,107
国土地理院_干渉SAR,測地・地殻変動関連【宇宙測地】,国土地理院,干渉SAR,海上保安庁では、全国のディファレンシャルGPS（DGPS）局及び地殻変動監視局におけるGPS基準点の観測データを解析して地殻変動の監視を行っており、観測によるデータ（干渉測位用搬送波位相データ）の提供サービスを行っています。,https://www.gsi.go.jp/uchusokuchi/gsi_sar.html,,,,,,unknown,national,probe_only,データ詳細,108
国土地理院_VLBI,測地・地殻変動関連【宇宙測地】,国土地理院,VLBI,VLBI（超長基線電波干渉法）の観測結果を紹介しています。,http://www.gsi.go.jp/uchusokuchi/vlbi.html,,,,,,unknown,unknown,probe_only,データ詳細,109
国土地理院_一等水準点検測成果集録,測地・地殻変動関連【水準測量】,国土地理院,一等水準点検測成果集録,国土地理院が行った水準測量の結果から得られた水準点の上下変動を図示し、観測年度ごとにとりまとめたものを公表しています。,http://vldb.gsi.go.jp/sokuchi/level/KENSOKUSYUROKU/,,,,,,unknown,unknown,probe_only,データ詳細,110
気象庁_地震防災対策強化地域判定会,測地・地殻変動関連【ひずみ】,気象庁,地震防災対策強化地域判定会,気象庁が開催している地震防災対策強化地域判定会の評価結果です。,http://www.jma.go.jp/jma/press/hantei.html,,,,,,time_series,polygon,usable,データ詳細,111
国土交通省_ナウファス_全国港湾海洋波浪情報網,測地・地殻変動関連【験潮】,国土交通省,ナウファス（全国港湾海洋波浪情報網）,ナウファスは国土交通省港湾局等が実施する日本沿岸の波浪情報網です。全国の波浪の定常観測結果を掲載しています。,http://www.mlit.go.jp/kowan/nowphas/,,,,,,time_series,station,usable,データ詳細,112
国土交通省_潮位情報リンク,測地・地殻変動関連【験潮】,国土交通省,潮位情報リンク,全国各地における最新の潮位の実況をグラフで表示しています。,http://www.jma.go.jp/jp/choi/bosai/choui_map.html,,,,,,time_series,station,usable,データ詳細,113
国土地理院_海岸昇降検知センター,測地・地殻変動関連【験潮】,国土地理院,海岸昇降検知センター,各機関がそれぞれの目的により設置している験潮場の験潮記録から地殻変動を検知し、地震予知研究をはじめとした地球科学の研究に役立てるため、それらの資料を統一した形で迅速に取りまとめて公表しています。,http://cais.gsi.go.jp/cmdc/centerindex.html,,,,,,time_series,station,usable,データ詳細,114
国土地理院_潮位データ,測地・地殻変動関連【験潮】,国土地理院,潮位データ,国土地理院が全国に整備した験潮場で観測した潮位について、30秒、毎時、日平均、月平均、年平均、満干潮位の6種類のデータを提供しています。,http://www.gsi.go.jp/kanshi/tide_furnish.html,,,,,,time_series,station,usable,データ詳細,115
気象庁_各年の潮汐,測地・地殻変動関連【験潮】,気象庁,各年の潮汐,気象庁が潮汐の観測を行っている検潮所等において実際に観測した、年の潮位（実測潮位）をまとめたものです。,https://www.data.jma.go.jp/kaiyou/db/tide/gaikyo/nenindex.php,,,,,,time_series,station,usable,データ詳細,116
海上保安庁_リアルタイム験潮データ,測地・地殻変動関連【験潮】,海上保安庁,リアルタイム験潮データ,海上保安庁所管の験潮所及び気象庁所管の験潮所から観測されたデータを5分間隔で表示しています。,https://www1.kaiho.mlit.go.jp/TIDE/gauge/,,,,,,time_series,station,usable,データ詳細,117
産業技術総合研究所_地震に関連する地下水観測データベース,測地・地殻変動関連【地下水】,産業技術総合研究所,地震に関連する地下水観測データベース,産業技術総合研究所地質調査総合センターが観測・解析を行っている50ヶ所あまりの観測点の地下水位、歪、水温、地震波形などの最新データおよび関連情報をご覧いただくことができます。 さらに、解析プログラムにてご自身のデータの解析を試すことも可能です。,https://gbank.gsj.jp/wellweb/GSJ/index.shtml,,,,,,waveform,station,probe_only,データ詳細,118
海上保安庁_海底の動きを測る_海底地殻変動観測,測地・地殻変動関連【海底地殻変動】,海上保安庁,海底の動きを測る 海底地殻変動観測,海底の動きを直接観測するためのGPS-音響測距結合方式による海底地殻変動観測の成果等をまとめています。,http://www1.kaiho.mlit.go.jp/KOHO/chikaku/kaitei/sgs/,,,,,,unknown,unknown,probe_only,データ詳細,119
国土地理院_重力データ,重力・地磁気関連,国土地理院,重力データ,国土地理院の重力測量の紹介や全国の重力データの公開などをしています,http://www.gsi.go.jp/buturisokuchi/gravity_index.html,,,,,,time_series,station,usable,データ詳細,120
産業技術総合研究所_重力データベース,重力・地磁気関連,産業技術総合研究所,重力データベース,産業技術総合研究所地質調査総合センターが調査・編集してきた重力データを検索・閲覧することができます。,https://gbank.gsj.jp/gravdb/,,,,,,static_spatial,station,static_only,データ詳細,121
国土地理院_地磁気測量,重力・地磁気関連,国土地理院,地磁気測量,国土地理院が実施している、地磁気測量の紹介や観測データ・磁気図などを公開しています。,http://www.gsi.go.jp/buturisokuchi/geomag_index.html,,,,,,time_series,station,usable,データ詳細,122
気象庁_地磁気観測所_観測データ,重力・地磁気関連,気象庁,地磁気観測所 観測データ,柿岡、女満別、鹿屋、父島で観測された地磁気等の観測データの表示やダウンロードが可能です。,http://www.kakioka-jma.go.jp/obsdata/data_plot.html,,,,,,time_series,station,requires_manual_download,データ詳細,123
海上保安庁_地磁気_重力,重力・地磁気関連,海上保安庁,地磁気・重力,測量船及び航空機により地磁気全磁力を測定し、地磁気異常分布から得られた地下の地磁気的構造や、地磁気異常図及び火山島内部の磁気的構造を掲載しています。また、船上で重力を測定し、重力の分布及び重力異常から得られた地下構造を掲載しています。,http://www1.kaiho.mlit.go.jp/KOHO/chijiki/chijiki.htm,,,,,,static_spatial,station,static_only,データ詳細,124
海洋研究開発機構_JAMSTEC航海_潜航データ_サンプル探索システム,重力・地磁気関連,海洋研究開発機構,JAMSTEC航海・潜航データ・サンプル探索システム,航海・潜航データ・サンプル探索システム（略称DARWIN）では海洋研究開発機構（JAMSTEC）の船舶・潜水船で得られたデータ、岩石サンプル、堆積物コアサンプルの情報を公開するとともに、関連するデータベースにリンクしています。重力、三成分磁力(STCM)のデータも閲覧できます。,http://www.godac.jamstec.go.jp/darwin/j,,,,,,time_series,station,usable,データ詳細,125
国土地理院_地図_空中写真閲覧サービス,地図・地形関連,国土地理院,地図・空中写真閲覧サービス,国土地理院がこれまで整備した地図・空中写真及び測量法第42条に定められた、公共測量により整備された地図の写しを検索し閲覧することができます。,http://mapps.gsi.go.jp/maplibSearch.do;jsessionid=0A908DA5B7D7A97796466895E83755F5#1,,,,,,static_spatial,mesh,static_only,データ詳細,126
国土地理院_基盤地図情報,地図・地形関連,国土地理院,基盤地図情報,電子地図上における地理空間情報の位置を定めるための基準となる位置情報です。全国の「基盤地図情報」をダウンロードすることができます。,http://www.gsi.go.jp/kiban/index.html,,,,,,static_spatial,point,static_only,データ詳細,127
国土地理院_数値地図_国土基本情報,地図・地形関連,国土地理院,数値地図「国土基本情報」,これまで国土地理院が整備してきた、基盤地図情報、数値地図シリーズ及び数値標高データをすべて統合し、さらに地図表現に必要な各種のデータ項目を加え、多様な属性情報も持たせた、総合的な地理空間情報を提供しています。,http://www.gsi.go.jp/kibanjoho/kibanjoho40027.html,,,,,,static_spatial,mesh,static_only,データ詳細,128
国土地理院_電子国土基本図_オルソ画像,地図・地形関連,国土地理院,電子国土基本図（オルソ画像）,空中写真を、位置ズレのない画像に変換し、様々な地理空間情報と重ね合わせができる「電子国土基本図（オルソ画像）」として公開しています。また、電子国土基本図（オルソ画像）以外の、様々な空中写真もあわせて公開しています。,https://maps.gsi.go.jp/#14/35.658098/139.741373/&base=std&ls=std%7C_ort&blend=0&disp=11&lcd=seamlessphoto&vs=c1j0l0u0t0z0r0f0&d=vl,,,,,,static_spatial,point,static_only,データ詳細,129
国土地理院_全国の標高データ,地図・地形関連,国土地理院,全国の標高データ,全国をカバーする10mメッシュ及びより精密な5mメッシュの2種類のデータが、基盤地図情報として無償で利用可能です。,https://fgd.gsi.go.jp/download/,,,,,,static_spatial,mesh,static_only,データ詳細,130
防災科学技術研究所_地すべり地形分布図デジタルアーカイブ,地図・地形関連,防災科学技術研究所,地すべり地形分布図デジタルアーカイブ,地すべり地形分布図および地すべり地形GISデータの提供をおこなっています。,http://dil-opac.bosai.go.jp/publication/nied_tech_note/landslidemap/index.html,,,,,,static_spatial,mesh,static_only,データ詳細,131
地震調査研究推進本部_地震動予測地図,防災関連,地震調査研究推進本部,地震動予測地図,「ある場所で一定期間内に、例えば震度６弱以上の揺れに見舞われる確率」、また、「特定の地震により、どのくらいの強い揺れに見舞われるか」を評価して地図に示しています。,https://www.jishin.go.jp/evaluation/seismic_hazard_map/shm_report/shm_report_2020/,,,,,,static_spatial,mesh,static_only,データ詳細,132
地震調査研究推進本部_長周期地震動予測地図_地震調査研究推進本部,防災関連,地震調査研究推進本部,長周期地震動予測地図（地震調査研究推進本部）,ある特定の大地震が発生した場合にその周辺はもとより遠方に生じる長い周期の地震動の分布を示したものです。代表地点における長周期地震動の速度波形データや速度応答スペクトルデータ、地下構造モデルデータ、各予測地図画像をダウンロードすることができます。,https://www.jishin.go.jp/evaluation/seismic_hazard_map/lpshm/,,,,,,waveform,mesh,requires_manual_download,データ詳細,133
防災科学技術研究所_J_SHIS_地震ハザードステーション,防災関連,防災科学技術研究所,J-SHIS 地震ハザードステーション,地震動予測地図のデータや、計算に係るパラメータ等のデータをダウンロードできます。,https://www.j-shis.bosai.go.jp/,,,,,,static_spatial,mesh,static_only,データ詳細,134
内閣府_南海トラフの巨大地震モデル検討会において検討された震度分布_浸水域等に係るデータ提供について,防災関連,内閣府,南海トラフの巨大地震モデル検討会において検討された震度分布・浸水域等に係るデータ提供について,南海トラフの巨大地震モデル検討会において検討された強震断層モデル、津波断層モデルに係るデータを提供しています（申込制）。,http://www.bousai.go.jp/jishin/nankai/model/data_teikyou.html,,,,,,waveform,unknown,probe_only,データ詳細,135
内閣府_首都直下地震モデル検討会において検討された震度分布_浸水域等に係るデータ提供について,防災関連,内閣府,首都直下地震モデル検討会において検討された震度分布・浸水域等に係るデータ提供について,首都直下地震モデル検討会において検討された強震断層モデル、津波断層モデルに係るデータを提供しています（申込制）モウシコミセイ,http://www.bousai.go.jp/kaigirep/chuobou/senmon/shutochokkajishinmodel/data_teikyou.html,,,,,,waveform,unknown,probe_only,データ詳細,136
内閣府_中央防災会議専門調査会において検討された震度分布_浸水域等に係るデータ提供について,防災関連,内閣府,中央防災会議専門調査会において検討された震度分布・浸水域等に係るデータ提供について,中央防災会議専門調査会において過去に検討された強震断層モデル、津波断層モデルに係るデータを提供しています（申込制）。,http://www.bousai.go.jp/kaigirep/chuobou/senmon/tounankai_nankaijishin/datakoukai/index.html,,,,,,waveform,unknown,probe_only,データ詳細,137
国土交通省_重ねるハザードマップ,防災関連,国土交通省,重ねるハザードマップ,浸水想定区域や道路情報、危険箇所などを地図や写真に重ねてシームレスに閲覧できます。,http://disaportal.gsi.go.jp/maps/index.html#5/35.371135/138.713379,,,,,,static_spatial,mesh,static_only,データ詳細,138
国土交通省_わがまちハザードマップ,防災関連,国土交通省,わがまちハザードマップ,各市町村が作成したハザードマップへリンクします。地域ごとの様々な種類のハザードマップを閲覧できます。,http://disaportal.gsi.go.jp/hazardmap/,,,,,,static_spatial,mesh,static_only,データ詳細,139
気象庁_過去の地震津波災害,防災関連,気象庁,過去の地震津波災害,明治以降平成７年（1995年）までに日本で100人以上の死者・行方不明者を出した地震・津波についてその概要を掲載しています。,https://www.data.jma.go.jp/svd/eqev/data/higai/higai-1995.html,,,,,,unknown,national,probe_only,データ詳細,140
気象庁_日本付近で発生した主な被害地震_平成_年以降,防災関連,気象庁,日本付近で発生した主な被害地震（平成８年以降）,平成８年（1996年）以降に、日本付近で発生した人的被害を伴った地震についてその概要を掲載しています。,https://www.data.jma.go.jp/svd/eqev/data/higai/higai1996-new.html,,,,,,unknown,national,probe_only,データ詳細,141
防災科学技術研究所_ディフェンスの加震実験映像,防災関連,防災科学技術研究所,Ｅ－ディフェンスの加震実験映像,実大規模の建物等を震動台に載せて、2011年東北地方太平洋沖地震（東日本大震災）や1995年兵庫県南部地震（阪神・淡路大震災）のような巨大地震の揺れを再現したＥ－ディフェンスの震動実験の様子を動画で配信。,http://www.bosai.go.jp/hyogo/research/movie/movie.html,,,,,,unknown,national,probe_only,データ詳細,142
産業技術総合研究所_液状化危険度マップ_速報_LiquickMap,防災関連,産業技術総合研究所,液状化危険度マップ（速報） / LiquickMap,250mメッシュ分解能の地震動マップを提供する地震動マップ即時推定システム（QuiQuake）上で、その地震での液状化発生の危険度を予測する液状化危険度マップです。,https://site.quietplus.kke.co.jp/,,,,,,unknown,mesh,probe_only,データ詳細,143
地震調査研究推進本部_観測点一覧,その他【地震観測点】,地震調査研究推進本部,観測点一覧,各機関が設置した地震計やGNSS等の様々な観測施設を、分布図と一覧表でまとめています。,https://www.jishin.go.jp/database/observation_station/,,,,,,time_series,station,usable,データ詳細,144
地震調査研究推進本部_毎月の地震活動,その他【過去の研究・観測成果のまとめ】,地震調査研究推進本部,毎月の地震活動,毎月および臨時に開催される地震調査委員会で行われた国内の地震活動の評価です。,https://www.jishin.go.jp/evaluation/seismicity_monthly/,,,,,,unknown,unknown,probe_only,データ詳細,145
国土地理院_地震予知連絡会の会報,その他【過去の研究・観測成果のまとめ】,国土地理院,地震予知連絡会の会報,地震予知連絡会に提出された資料等は「地震予知連絡会会報」として取りまとめられ、年に２回発行されています。,http://cais.gsi.go.jp/YOCHIREN/report.html,,,,,,static_metadata,unknown,probe_only,データ詳細,146
気象庁_地震_火山月報_防災編,その他【過去の研究・観測成果のまとめ】,気象庁,地震・火山月報（防災編）,毎月の日本の地震活動・火山活動及び世界の主な地震や火山活動をとりまとめて掲載しています。／毎年１月に発行される12月の月報には各年の地震活動・火山活動のまとめも掲載しています。,https://www.data.jma.go.jp/svd/eqev/data/gaikyo/,,,,,,unknown,national,probe_only,データ詳細,147
地震調査研究推進本部_文献_歴史資料に関する情報,その他【文献】,地震調査研究推進本部,文献・歴史資料に関する情報,地震に関する文献等を検索・閲覧することができます。,https://www.jishin.go.jp/database/#bunken_database,,,,,,static_metadata,unknown,probe_only,データ詳細,148
産業技術総合研究所_共著関連データベース,その他【研究者】,産業技術総合研究所,共著関連データベース,日本地質文献データベースは1957年以来，地質調査総合センターの蔵書のなかから日本地域及び日本人が著者のものを収録し，地質に関する文献検索サービスを提供しています。,https://staff.aist.go.jp/miyagi.iso14000/nkysdb/index.html,,,,,,static_spatial,polygon,static_only,データ詳細,149
防災科学技術研究所_地震の基礎知識とその観測,その他【地震の体系的知識】,防災科学技術研究所,地震の基礎知識とその観測,地震という自然現象、およびその観測の仕方や観測体制などについて体系的に説明しています。,http://www.hinet.bosai.go.jp/about_earthquake/1stpage.htm,,,,,,static_metadata,unknown,probe_only,データ詳細,150
